商品ID,商品标题,商品编码,商品类型,商品价格,商品链接
7781676700,k.d.y Glasses,,实物商品,124.00,https://weidian.com/item.html?itemID=7781676700
7781599422,a.m.e bread shoes,,实物商品,355.00,https://weidian.com/item.html?itemID=7781599422
7778759731,s.t.d hoodie,,实物商品,160.00,https://weidian.com/item.html?itemID=7778759731
7781661072,b.l cotton slippers,,实物商品,124.00,https://weidian.com/item.html?itemID=7781661072
7778726259,g.y Bags Series,,实物商品,230.00,https://weidian.com/item.html?itemID=7778726259
7778732085,s.t.d hoodie,,实物商品,160.00,https://weidian.com/item.html?itemID=7778732085
7779532517,a.m.e hoodie,,实物商品,138.00,https://weidian.com/item.html?itemID=7779532517
7779694047,b.b.l underwear,,实物商品,55.00,https://weidian.com/item.html?itemID=7779694047
7779617355,e.s short sleeves,,实物商品,90.00,https://weidian.com/item.html?itemID=7779617355
7779615417,c.p hoodie,,实物商品,149.00,https://weidian.com/item.html?itemID=7779615417
7779698005,b.b.l jacket,,实物商品,540.00,https://weidian.com/item.html?itemID=7779698005
7782557082,a.m.i Knitted hat,,实物商品,99.00,https://weidian.com/item.html?itemID=7782557082
7782680166,p.l.d  sweater,,实物商品,258.00,https://weidian.com/item.html?itemID=7782680166
7782586302,h down jacket,,实物商品,320.10,https://weidian.com/item.html?itemID=7782586302
7779723679,d.r 25 鞋子,,实物商品,259.00,https://weidian.com/item.html?itemID=7779723679
7782541320,b.m Long sleeves,,实物商品,178.00,https://weidian.com/item.html?itemID=7782541320
7779654633,p.l.d coat,,实物商品,280.00,https://weidian.com/item.html?itemID=7779654633
7782522530,r.l short sleeves,,实物商品,118.00,https://weidian.com/item.html?itemID=7782522530
7782618964,p.r.a jacket,,实物商品,440.10,https://weidian.com/item.html?itemID=7782618964
7779660591,p.l.d fanny pack,,实物商品,268.00,https://weidian.com/item.html?itemID=7779660591
7779699959,f.d handbag,,实物商品,290.00,https://weidian.com/item.html?itemID=7779699959
7782662406,a.m.d jacket,,实物商品,230.00,https://weidian.com/item.html?itemID=7782662406
7782695856,e.y jacket,,实物商品,390.00,https://weidian.com/item.html?itemID=7782695856
7782622304,g.c coat,,实物商品,362.00,https://weidian.com/item.html?itemID=7782622304
7779662501,b.b.l hoodie,,实物商品,228.00,https://weidian.com/item.html?itemID=7779662501
7779555147,m.c.m belt,,实物商品,78.00,https://weidian.com/item.html?itemID=7779555147
7782652524,s.t.x sweater,,实物商品,153.00,https://weidian.com/item.html?itemID=7782652524
7779628943,m.s.n.k Vest,,实物商品,360.00,https://weidian.com/item.html?itemID=7779628943
7782599428,d.r sweater,,实物商品,280.20,https://weidian.com/item.html?itemID=7782599428
7782703816,k.l.x Vest,,实物商品,112.00,https://weidian.com/item.html?itemID=7782703816
7779540435,c.b shoulder bag,,实物商品,180.00,https://weidian.com/item.html?itemID=7779540435
7782648612,f.d Knitted hat,,实物商品,80.00,https://weidian.com/item.html?itemID=7782648612
7779621175,o.w sweater,,实物商品,160.00,https://weidian.com/item.html?itemID=7779621175
7779644205,c.j.b.l jacket,,实物商品,262.00,https://weidian.com/item.html?itemID=7779644205
7782640694,m.l.b Knitted hat,,实物商品,92.00,https://weidian.com/item.html?itemID=7782640694
7779719733,g.y backpack,,实物商品,382.30,https://weidian.com/item.html?itemID=7779719733
7779551297,a.m.n Vest,,实物商品,320.10,https://weidian.com/item.html?itemID=7779551297
7779678385,1.9.7.7 tracksuit,,实物商品,128.00,https://weidian.com/item.html?itemID=7779678385
7779695851,k.l.x necklace,,实物商品,105.00,https://weidian.com/item.html?itemID=7779695851
7782666462,d.e Sweatpants,,实物商品,180.00,https://weidian.com/item.html?itemID=7782666462
7782644720,k.h.t hoodie,,实物商品,240.00,https://weidian.com/item.html?itemID=7782644720
7779551299,e.y sweater,,实物商品,160.20,https://weidian.com/item.html?itemID=7779551299
7782715618,f.d sweater,,实物商品,198.00,https://weidian.com/item.html?itemID=7782715618
7779670467,s.l.l shoulder bag,,实物商品,320.20,https://weidian.com/item.html?itemID=7779670467
7782630780,b.m Vest,,实物商品,228.00,https://weidian.com/item.html?itemID=7782630780
7779625089,s.p backpack,,实物商品,165.00,https://weidian.com/item.html?itemID=7779625089
7782689978,f.d shorts,,实物商品,108.00,https://weidian.com/item.html?itemID=7782689978
7782611196,m.k.l jacket,,实物商品,478.00,https://weidian.com/item.html?itemID=7782611196
7782624900,s.z hoodie,,实物商品,155.00,https://weidian.com/item.html?itemID=7782624900
7782660468,a.m.d Vest,,实物商品,245.00,https://weidian.com/item.html?itemID=7782660468
7782596678,r.l Knitted hat,,实物商品,95.00,https://weidian.com/item.html?itemID=7782596678
7782609346,r.l underwear,,实物商品,140.00,https://weidian.com/item.html?itemID=7782609346
7779619345,o.w 鞋子,,实物商品,320.10,https://weidian.com/item.html?itemID=7779619345
7779705877,g.c hoodie,,实物商品,148.00,https://weidian.com/item.html?itemID=7779705877
7782638672,g.c cardigan,,实物商品,348.00,https://weidian.com/item.html?itemID=7782638672
7782646622,b.b.l coat,,实物商品,475.00,https://weidian.com/item.html?itemID=7782646622
7779526677,L.G 74,,实物商品,480.00,https://weidian.com/item.html?itemID=7779526677
7782626814,s.t.x jacket,,实物商品,288.00,https://weidian.com/item.html?itemID=7782626814
7782691902,o.w 鞋子,,实物商品,340.00,https://weidian.com/item.html?itemID=7782691902
7782652508,J.o.r.d.a.n 1,,实物商品,238.00,https://weidian.com/item.html?itemID=7782652508
7779551283,c.b sweater,,实物商品,150.00,https://weidian.com/item.html?itemID=7779551283
7782603422,d.r wallet,,实物商品,218.60,https://weidian.com/item.html?itemID=7782603422
7779634887,p.l.d Knitted hat,,实物商品,113.00,https://weidian.com/item.html?itemID=7779634887
7779646803,a.m.i Knitted hat,,实物商品,85.00,https://weidian.com/item.html?itemID=7779646803
7779688209,k.l.x Knitted hat,,实物商品,85.00,https://weidian.com/item.html?itemID=7779688209
7782557076,trap jacket,,实物商品,420.00,https://weidian.com/item.html?itemID=7782557076
7779703903,b.b.l jacket,,实物商品,430.00,https://weidian.com/item.html?itemID=7779703903
7782711686,p.l.d Vest,,实物商品,350.20,https://weidian.com/item.html?itemID=7782711686
7779694045,f.d hat,,实物商品,100.00,https://weidian.com/item.html?itemID=7779694045
7782652522,k.l.x ring,,实物商品,85.00,https://weidian.com/item.html?itemID=7782652522
7782695868,c.o.r Knitted hat,,实物商品,110.00,https://weidian.com/item.html?itemID=7782695868
7779705881,t.b.l Martin boots,,实物商品,328.00,https://weidian.com/item.html?itemID=7779705881
7782596694,s.l.l  sweater,,实物商品,208.10,https://weidian.com/item.html?itemID=7782596694
7782705812,p.p Hoodie Set,,实物商品,439.00,https://weidian.com/item.html?itemID=7782705812
7782666490,k.l.x short sleeves,,实物商品,165.00,https://weidian.com/item.html?itemID=7782666490
7782535436,J.o.r.d.a.n 4,,实物商品,238.00,https://weidian.com/item.html?itemID=7782535436
7779636815,b.b.l windproof jacket,,实物商品,750.00,https://weidian.com/item.html?itemID=7779636815
7779551287,b.l handbag,,实物商品,660.00,https://weidian.com/item.html?itemID=7779551287
7779600737,d.r handbag,,实物商品,360.80,https://weidian.com/item.html?itemID=7779600737
7782658478,b.m short sleeves,,实物商品,120.00,https://weidian.com/item.html?itemID=7782658478
7782703812,c.o.r sweater,,实物商品,198.10,https://weidian.com/item.html?itemID=7782703812
7782705794,s.l.l belt,,实物商品,110.00,https://weidian.com/item.html?itemID=7782705794
7782650582,s.p Sweatpants,,实物商品,165.10,https://weidian.com/item.html?itemID=7782650582
7779650693,d.r Knitted hat,,实物商品,132.00,https://weidian.com/item.html?itemID=7779650693
7782672344,a.m.i hoodie,,实物商品,139.00,https://weidian.com/item.html?itemID=7782672344
7779652699,o.w short sleeves,,实物商品,89.00,https://weidian.com/item.html?itemID=7779652699
7779662505,p.l.d hoodie,,实物商品,220.10,https://weidian.com/item.html?itemID=7779662505
7782688034,m.k.l down jacket,,实物商品,599.00,https://weidian.com/item.html?itemID=7782688034
7779698031,b.p short sleeves,,实物商品,92.00,https://weidian.com/item.html?itemID=7779698031
7779660595,b.m  jacket,,实物商品,569.00,https://weidian.com/item.html?itemID=7779660595
7782621022,a.d jacket,,实物商品,635.00,https://weidian.com/item.html?itemID=7782621022
7778734057,k.d.y bracelet,,实物商品,120.00,https://weidian.com/item.html?itemID=7778734057
7781441274,d.r backpack,,实物商品,488.10,https://weidian.com/item.html?itemID=7781441274
7778724309,c.j.b.l short sleeves,,实物商品,113.00,https://weidian.com/item.html?itemID=7778724309
7781716274,d.r Loafers,,实物商品,320.00,https://weidian.com/item.html?itemID=7781716274
7781633390,N.k tracksuit,,实物商品,188.00,https://weidian.com/item.html?itemID=7781633390
7778643417,k.l.x jeans,,实物商品,199.00,https://weidian.com/item.html?itemID=7778643417
7781684540,a.m.n coat,,实物商品,193.00,https://weidian.com/item.html?itemID=7781684540
7781696434,a.m.e short sleeves,,实物商品,118.00,https://weidian.com/item.html?itemID=7781696434
7778702459,k.l.x hoodie,,实物商品,200.00,https://weidian.com/item.html?itemID=7778702459
7781676654,c.p Phone case,,实物商品,58.00,https://weidian.com/item.html?itemID=7781676654
7781648898,b.b.l slippers,,实物商品,138.00,https://weidian.com/item.html?itemID=7781648898
7781674724,R.i.c.h.a.r.d M.i.l.l.e watches,,实物商品,958.00,https://weidian.com/item.html?itemID=7781674724
7778726301,k.w High-top shoes,,实物商品,269.00,https://weidian.com/item.html?itemID=7778726301
7781718072,g.c hat,,实物商品,72.00,https://weidian.com/item.html?itemID=7781718072
7781751716,s.z Shirt,,实物商品,188.00,https://weidian.com/item.html?itemID=7781751716
7778708405,m.k.l 鞋子,,实物商品,512.00,https://weidian.com/item.html?itemID=7778708405
7781710308,b.m Knitted hat,,实物商品,72.00,https://weidian.com/item.html?itemID=7781710308
7781739940,s.t.d short sleeves,,实物商品,80.00,https://weidian.com/item.html?itemID=7781739940
7778676149,e.s sweatpants,,实物商品,113.10,https://weidian.com/item.html?itemID=7778676149
7781686474,s.t.d windproof jacket,,实物商品,290.00,https://weidian.com/item.html?itemID=7781686474
7781678654,h.j.e 鞋子,,实物商品,445.00,https://weidian.com/item.html?itemID=7781678654
7778688651,g.y wallet,,实物商品,85.00,https://weidian.com/item.html?itemID=7778688651
7778730207,b.b.l scarf,,实物商品,116.10,https://weidian.com/item.html?itemID=7778730207
7781629448,d.e jacket,,实物商品,571.00,https://weidian.com/item.html?itemID=7781629448
7781741892,a.m.e sweater,,实物商品,189.60,https://weidian.com/item.html?itemID=7781741892
7778655265,d.e Vest,,实物商品,208.00,https://weidian.com/item.html?itemID=7778655265
7778463339,b.b.l Shirt,,实物商品,240.00,https://weidian.com/item.html?itemID=7778463339
7778730169,g.y wallet,,实物商品,62.00,https://weidian.com/item.html?itemID=7778730169
7781648866,c.o.r jacket,,实物商品,388.00,https://weidian.com/item.html?itemID=7781648866
7781682538,b.b.l shorts,,实物商品,118.00,https://weidian.com/item.html?itemID=7781682538
7778702423,s.l.l High heel,,实物商品,255.00,https://weidian.com/item.html?itemID=7778702423
7781710324,m.k.l Knitted hat,,实物商品,68.00,https://weidian.com/item.html?itemID=7781710324
7781611296,a.m.e belt,,实物商品,78.00,https://weidian.com/item.html?itemID=7781611296
7781745864,k.l.x Shirt,,实物商品,220.10,https://weidian.com/item.html?itemID=7781745864
7781735988,n.e.w 1906 鞋子,,实物商品,245.00,https://weidian.com/item.html?itemID=7781735988
7781734048,o.w 鞋子,,实物商品,328.00,https://weidian.com/item.html?itemID=7781734048
7778716321,b.m jacket,,实物商品,480.00,https://weidian.com/item.html?itemID=7778716321
7778641439,s.t.d hoodie,,实物商品,139.00,https://weidian.com/item.html?itemID=7778641439
7781621524,c.o.r Vest,,实物商品,103.00,https://weidian.com/item.html?itemID=7781621524
7778643405,n.k hoodie,,实物商品,158.00,https://weidian.com/item.html?itemID=7778643405
7778669005,n.k.P 6.000 鞋子,,实物商品,218.00,https://weidian.com/item.html?itemID=7778669005
7778653259,h hoodie,,实物商品,150.00,https://weidian.com/item.html?itemID=7778653259
7781627524,m.k.l Vest,,实物商品,430.00,https://weidian.com/item.html?itemID=7781627524
7778767607,b.m jacket,,实物商品,482.00,https://weidian.com/item.html?itemID=7778767607
7778706403,r.l short sleeves,,实物商品,108.00,https://weidian.com/item.html?itemID=7778706403
7781639340,a.m.e hat,,实物商品,125.00,https://weidian.com/item.html?itemID=7781639340
7778744039,d.r Glasses,,实物商品,150.00,https://weidian.com/item.html?itemID=7778744039
7778757735,g.y Phone case,,实物商品,75.00,https://weidian.com/item.html?itemID=7778757735
7778688635,N.K.6.000 鞋子,,实物商品,309.00,https://weidian.com/item.html?itemID=7778688635
7778671079,c.o.r tracksuit,,实物商品,128.00,https://weidian.com/item.html?itemID=7778671079
7778712255,d.e jacket,,实物商品,430.00,https://weidian.com/item.html?itemID=7778712255
7778651223,k.l.x hat,,实物商品,88.00,https://weidian.com/item.html?itemID=7778651223
7781716284,c.o.r Long sleeves,,实物商品,160.00,https://weidian.com/item.html?itemID=7781716284
7778704501,p.l.d Glasses,,实物商品,169.00,https://weidian.com/item.html?itemID=7778704501
7781739908,r.l tracksuit,,实物商品,150.00,https://weidian.com/item.html?itemID=7781739908
7778726253,y.z 700 鞋子,,实物商品,260.00,https://weidian.com/item.html?itemID=7778726253
7778633595,m.s.n.k jacket,,实物商品,440.00,https://weidian.com/item.html?itemID=7778633595
7778721857,c.o.r tracksuit,,实物商品,113.00,https://weidian.com/item.html?itemID=7778721857
7781647202,e.y tracksuit,,实物商品,146.20,https://weidian.com/item.html?itemID=7781647202
7778740073,E.S shorts,,实物商品,99.00,https://weidian.com/item.html?itemID=7778740073
7781648886,a.d Low-top shoes,,实物商品,194.00,https://weidian.com/item.html?itemID=7781648886
7781739934,m.k.l jacket,,实物商品,538.00,https://weidian.com/item.html?itemID=7781739934
7778696467,b.b.l sweater,,实物商品,240.00,https://weidian.com/item.html?itemID=7778696467
7778667079,g.y handbag,,实物商品,182.00,https://weidian.com/item.html?itemID=7778667079
7778682735,n.k socks,,实物商品,92.00,https://weidian.com/item.html?itemID=7778682735
7781724116,C.a.r.t.i.e.r watches,,实物商品,388.00,https://weidian.com/item.html?itemID=7781724116
7778637523,g.c polo shirt,,实物商品,122.00,https://weidian.com/item.html?itemID=7778637523
7778675009,k.l.x short sleeves,,实物商品,108.10,https://weidian.com/item.html?itemID=7778675009
7778643413,k.l.x Glasses,,实物商品,66.00,https://weidian.com/item.html?itemID=7778643413
7781694518,q.d backpack,,实物商品,150.00,https://weidian.com/item.html?itemID=7781694518
7781734074,a.m.s handbag,,实物商品,319.10,https://weidian.com/item.html?itemID=7781734074
7778675019,J.o.r.d.a.n 4,,实物商品,248.00,https://weidian.com/item.html?itemID=7778675019
7778704515,p.l.d short sleeves,,实物商品,120.00,https://weidian.com/item.html?itemID=7778704515
7781692464,b.b.l short sleeves,,实物商品,112.00,https://weidian.com/item.html?itemID=7781692464
7781674698,b.m jacket,,实物商品,420.00,https://weidian.com/item.html?itemID=7781674698
7781722072,l.a.n hoodie,,实物商品,180.10,https://weidian.com/item.html?itemID=7781722072
7781720192,a.m.i Zipper sweatshirt,,实物商品,180.00,https://weidian.com/item.html?itemID=7781720192
7781668868,k.l.x hoodie,,实物商品,198.00,https://weidian.com/item.html?itemID=7781668868
7781672730,b.l 鞋子,,实物商品,502.00,https://weidian.com/item.html?itemID=7781672730
7778720291,n.y.c 鞋子,,实物商品,280.10,https://weidian.com/item.html?itemID=7778720291
7778621273,d.r belt,,实物商品,130.10,https://weidian.com/item.html?itemID=7778621273
7778757739,g.c short sleeves,,实物商品,120.10,https://weidian.com/item.html?itemID=7778757739
7781674716,R.i.c.h.a.r.d M.i.l.l.e watches,,实物商品,1288.00,https://weidian.com/item.html?itemID=7781674716
7778641447,b.m backpack,,实物商品,312.00,https://weidian.com/item.html?itemID=7778641447
7781686482,k.c handbag,,实物商品,205.00,https://weidian.com/item.html?itemID=7781686482
7781619588,s.l.l shoulder bag,,实物商品,388.00,https://weidian.com/item.html?itemID=7781619588
7778736057,g.y travel bag,,实物商品,328.10,https://weidian.com/item.html?itemID=7778736057
7781653168,C.P hoodie,,实物商品,143.00,https://weidian.com/item.html?itemID=7781653168
7778694483,n.e.w 530 鞋子,,实物商品,238.00,https://weidian.com/item.html?itemID=7778694483
7778761663,c.h.l tracksuit,,实物商品,148.00,https://weidian.com/item.html?itemID=7778761663
7781746542,m.k.l hoodie,,实物商品,220.10,https://weidian.com/item.html?itemID=7781746542
7778809675,a.m.n short sleeves,,实物商品,108.00,https://weidian.com/item.html?itemID=7778809675
7781671532,a.m.e sweater,,实物商品,146.00,https://weidian.com/item.html?itemID=7781671532
7781758298,s.p short sleeves,,实物商品,112.00,https://weidian.com/item.html?itemID=7781758298
7781724814,g.c shoulder bag,,实物商品,422.00,https://weidian.com/item.html?itemID=7781724814
7778742755,s.k watch,,实物商品,650.00,https://weidian.com/item.html?itemID=7778742755
7778645565,n.k z.o.m basketball shoes,,实物商品,472.00,https://weidian.com/item.html?itemID=7778645565
7781702786,p.l.d 鞋子,,实物商品,349.10,https://weidian.com/item.html?itemID=7781702786
7781689210,h short sleeves,,实物商品,120.00,https://weidian.com/item.html?itemID=7781689210
7781722540,n.e.w 1906 鞋子,,实物商品,262.00,https://weidian.com/item.html?itemID=7781722540
7781720890,l.o.n watch,,实物商品,680.00,https://weidian.com/item.html?itemID=7781720890
7781758286,g.c belt,,实物商品,88.00,https://weidian.com/item.html?itemID=7781758286
7778809651,b.l 鞋子,,实物商品,472.00,https://weidian.com/item.html?itemID=7778809651
7781699036,k.h.t coat,,实物商品,240.00,https://weidian.com/item.html?itemID=7781699036
7778659397,d.r Bag Collection,,实物商品,485.00,https://weidian.com/item.html?itemID=7778659397
7781750472,a.p watch,,实物商品,580.00,https://weidian.com/item.html?itemID=7781750472
7778699197,p.a short sleeves,,实物商品,108.00,https://weidian.com/item.html?itemID=7778699197
7781708948,R.o.l.e.x watch,,实物商品,580.00,https://weidian.com/item.html?itemID=7781708948
7778764347,r.l Shirt,,实物商品,180.00,https://weidian.com/item.html?itemID=7778764347
7781785900,r.l coat,,实物商品,280.00,https://weidian.com/item.html?itemID=7781785900
7781720906,b.p 鞋子,,实物商品,320.10,https://weidian.com/item.html?itemID=7781720906
7778717017,k.l.x short sleeves,,实物商品,133.00,https://weidian.com/item.html?itemID=7778717017
7781671554,n.k tracksuit,,实物商品,170.00,https://weidian.com/item.html?itemID=7781671554
7781691226,r.l jacket,,实物商品,340.00,https://weidian.com/item.html?itemID=7781691226
7778754585,n.k jacket,,实物商品,328.00,https://weidian.com/item.html?itemID=7778754585
7778764369,p.l.d jacket,,实物商品,505.00,https://weidian.com/item.html?itemID=7778764369
7781732770,m.s.n.k jacket,,实物商品,600.00,https://weidian.com/item.html?itemID=7781732770
7781707024,d.r jacket,,实物商品,580.00,https://weidian.com/item.html?itemID=7781707024
7781651338,a.m.s belt,,实物商品,65.00,https://weidian.com/item.html?itemID=7781651338
7781764222,s.p hoodie,,实物商品,175.00,https://weidian.com/item.html?itemID=7781764222
7778784033,b.m windproof jacket,,实物商品,445.00,https://weidian.com/item.html?itemID=7778784033
7781760258,x.n.e 鞋子,,实物商品,288.00,https://weidian.com/item.html?itemID=7781760258
7778716991,R.o.l.e.x watches,,实物商品,550.00,https://weidian.com/item.html?itemID=7778716991
7778709033,r.l  tracksuit,,实物商品,102.00,https://weidian.com/item.html?itemID=7778709033
7781758296,a.m.e short sleeves,,实物商品,108.00,https://weidian.com/item.html?itemID=7781758296
7778768295,r.l Shirt,,实物商品,155.00,https://weidian.com/item.html?itemID=7778768295
7781793764,d.r 30 鞋子,,实物商品,238.00,https://weidian.com/item.html?itemID=7781793764
7778714707,k.l.x shorts,,实物商品,178.00,https://weidian.com/item.html?itemID=7778714707
7778760491,h shorts,,实物商品,90.00,https://weidian.com/item.html?itemID=7778760491
7778717011,m.k.l coat,,实物商品,430.10,https://weidian.com/item.html?itemID=7778717011
7781785908,m.k.l Sweatpants,,实物商品,160.10,https://weidian.com/item.html?itemID=7781785908
7781799688,h tracksuit,,实物商品,249.00,https://weidian.com/item.html?itemID=7781799688
7778746789,r.l jacket,,实物商品,460.10,https://weidian.com/item.html?itemID=7778746789
7778699219,h jeans,,实物商品,172.80,https://weidian.com/item.html?itemID=7778699219
7778758417,s.t.x short sleeves,,实物商品,113.00,https://weidian.com/item.html?itemID=7778758417
7778746749,m.s.n.k jacket,,实物商品,638.00,https://weidian.com/item.html?itemID=7778746749
7778679549,s.t.x hoodie,,实物商品,172.00,https://weidian.com/item.html?itemID=7778679549
7781799666,klx hoodie,,实物商品,183.00,https://weidian.com/item.html?itemID=7781799666
7781699044,a.p watch,,实物商品,665.00,https://weidian.com/item.html?itemID=7781699044
7781760268,d.r Zipper Hoodie,,实物商品,328.00,https://weidian.com/item.html?itemID=7781760268
7778689359,s.t.x short sleeves,,实物商品,93.00,https://weidian.com/item.html?itemID=7778689359
7781663290,p.l.d Long sleeves,,实物商品,178.00,https://weidian.com/item.html?itemID=7781663290
7781732756,d.r 鞋子,,实物商品,380.00,https://weidian.com/item.html?itemID=7781732756
7781778052,n.k  backpack,,实物商品,100.00,https://weidian.com/item.html?itemID=7781778052
7778803773,e.y hoodie,,实物商品,182.00,https://weidian.com/item.html?itemID=7778803773
7778750643,r.l shorts,,实物商品,113.00,https://weidian.com/item.html?itemID=7778750643
7778780113,B a l e n c i a g a Track,,实物商品,388.00,https://weidian.com/item.html?itemID=7778780113
7778712793,b.b.l hat,,实物商品,92.00,https://weidian.com/item.html?itemID=7778712793
7781663298,b.b.l belt,,实物商品,99.00,https://weidian.com/item.html?itemID=7781663298
7778734819,f.d belt,,实物商品,92.00,https://weidian.com/item.html?itemID=7778734819
7781726792,c.j.b.l hoodie,,实物商品,144.00,https://weidian.com/item.html?itemID=7781726792
7778726961,n.k air force,,实物商品,199.00,https://weidian.com/item.html?itemID=7778726961
7781699062,g.c 鞋子,,实物商品,280.00,https://weidian.com/item.html?itemID=7781699062
7781770128,a.d.m tracksuit,,实物商品,280.00,https://weidian.com/item.html?itemID=7781770128
7778664529,g.c  hat,,实物商品,82.00,https://weidian.com/item.html?itemID=7778664529
7781736798,n.k sweatpants,,实物商品,144.00,https://weidian.com/item.html?itemID=7781736798
7778770289,m.l.b jacket,,实物商品,702.00,https://weidian.com/item.html?itemID=7778770289
7781789804,b.b.l short sleeves,,实物商品,180.10,https://weidian.com/item.html?itemID=7781789804
7778720973,k.l.x jeans,,实物商品,210.00,https://weidian.com/item.html?itemID=7778720973
7778673277,b.m down jacket,,实物商品,438.00,https://weidian.com/item.html?itemID=7778673277
7781671518,t.s watch,,实物商品,580.00,https://weidian.com/item.html?itemID=7781671518
7781724798,k.l.x belt,,实物商品,93.00,https://weidian.com/item.html?itemID=7781724798
7778664515,b.b.l Shirt,,实物商品,210.00,https://weidian.com/item.html?itemID=7778664515
7781687140,m.k.l short sleeves,,实物商品,115.00,https://weidian.com/item.html?itemID=7781687140
7778664523,r.m.w Phone case,,实物商品,99.00,https://weidian.com/item.html?itemID=7778664523
7778707177,t.b.l Martin boots,,实物商品,480.00,https://weidian.com/item.html?itemID=7778707177
7781718528,b.m hoodie,,实物商品,150.00,https://weidian.com/item.html?itemID=7781718528
7778782027,e.y Long sleeves,,实物商品,150.00,https://weidian.com/item.html?itemID=7778782027
7778805677,l b t 鞋子,,实物商品,294.00,https://weidian.com/item.html?itemID=7778805677
7781635576,c.k 鞋子,,实物商品,372.00,https://weidian.com/item.html?itemID=7781635576
7781683266,b.b.l hoodie,,实物商品,210.00,https://weidian.com/item.html?itemID=7781683266
7778726969,a.m.n jacket,,实物商品,280.00,https://weidian.com/item.html?itemID=7778726969
7778791797,a.m.i sweater,,实物商品,158.00,https://weidian.com/item.html?itemID=7778791797
7781758330,a.d jacket,,实物商品,445.00,https://weidian.com/item.html?itemID=7781758330
7781750524,k.h.t jeans,,实物商品,180.00,https://weidian.com/item.html?itemID=7781750524
7778720967,d.e Knitted hat,,实物商品,82.00,https://weidian.com/item.html?itemID=7778720967
7778742769,s.t.d jacket,,实物商品,410.00,https://weidian.com/item.html?itemID=7778742769
7778790001,n.k running shoes,,实物商品,254.00,https://weidian.com/item.html?itemID=7778790001
7778770277,a.d.m windproof jacket,,实物商品,300.00,https://weidian.com/item.html?itemID=7778770277
7781707022,s.t.d jacket,,实物商品,580.60,https://weidian.com/item.html?itemID=7781707022
7781654534,n.k slippers,,实物商品,90.00,https://weidian.com/item.html?itemID=7781654534
7779699983,s.t.d trousers,,实物商品,200.00,https://weidian.com/item.html?itemID=7779699983
7781744574,b.l slippers,,实物商品,140.00,https://weidian.com/item.html?itemID=7781744574
7782611178,s.p Knitted hat,,实物商品,110.00,https://weidian.com/item.html?itemID=7782611178
7779717739,x.n.e Knitted hat,,实物商品,68.00,https://weidian.com/item.html?itemID=7779717739
7779654617,a.d.m short sleeves,,实物商品,175.00,https://weidian.com/item.html?itemID=7779654617
7782611186,a.d.m windproof jacket,,实物商品,278.00,https://weidian.com/item.html?itemID=7782611186
7779667997,a.m.e High-top shoes,,实物商品,398.00,https://weidian.com/item.html?itemID=7779667997
7778809671,d.r 23 High-top shoes,,实物商品,308.00,https://weidian.com/item.html?itemID=7778809671
7782713684,m.s.n.k hoodie,,实物商品,720.10,https://weidian.com/item.html?itemID=7782713684
7781718068,o.w hoodie,,实物商品,180.00,https://weidian.com/item.html?itemID=7781718068
7781715004,n.e.w hoodie,,实物商品,150.00,https://weidian.com/item.html?itemID=7781715004
7782648608,U.G flat shoes,,实物商品,198.00,https://weidian.com/item.html?itemID=7782648608
7778649347,a.d Casual shoes,,实物商品,256.00,https://weidian.com/item.html?itemID=7778649347
7778710255,w.s canvas shoes,,实物商品,254.00,https://weidian.com/item.html?itemID=7778710255
7782652528,n.k slippers,,实物商品,69.00,https://weidian.com/item.html?itemID=7782652528
7778742773,s.p windproof jacket,,实物商品,460.00,https://weidian.com/item.html?itemID=7778742773
7778661339,y.s.b.e High-top shoes,,实物商品,298.00,https://weidian.com/item.html?itemID=7778661339
7783219606,c.o.r Long sleeves,,实物商品,108.00,https://weidian.com/item.html?itemID=7783219606
7780140973,c.o.r jeans,,实物商品,198.00,https://weidian.com/item.html?itemID=7780140973
7783207672,g.c 鞋子,,实物商品,280.00,https://weidian.com/item.html?itemID=7783207672
7783144250,n.k Gloves,,实物商品,99.00,https://weidian.com/item.html?itemID=7783144250
7783176184,m.k.l Long sleeves,,实物商品,170.00,https://weidian.com/item.html?itemID=7783176184
7780164411,m.l.b hat,,实物商品,80.00,https://weidian.com/item.html?itemID=7780164411
7783159922,d.r 30 鞋子,,实物商品,240.10,https://weidian.com/item.html?itemID=7783159922
7780229615,m.k.l jacket,,实物商品,658.00,https://weidian.com/item.html?itemID=7780229615
7780154257,m.j.l 鞋子,,实物商品,288.00,https://weidian.com/item.html?itemID=7780154257
7780162175,n.e.w 2002 鞋子,,实物商品,288.00,https://weidian.com/item.html?itemID=7780162175
7780164419,s.t.d coat,,实物商品,288.00,https://weidian.com/item.html?itemID=7780164419
7782939342,b.p hoodie,,实物商品,178.20,https://weidian.com/item.html?itemID=7782939342
7780188195,m.m shoes,,实物商品,348.00,https://weidian.com/item.html?itemID=7780188195
7783168248,Ga T-shirt,,实物商品,118.00,https://weidian.com/item.html?itemID=7783168248
7780229633,G.A hat,,实物商品,89.10,https://weidian.com/item.html?itemID=7780229633
7780131175,M.M jacket,,实物商品,399.00,https://weidian.com/item.html?itemID=7780131175
7783188014,r.l hat,,实物商品,68.00,https://weidian.com/item.html?itemID=7783188014
7783213656,s.p hoodie,,实物商品,288.00,https://weidian.com/item.html?itemID=7783213656
7780178207,a.m.s bracelet,,实物商品,280.00,https://weidian.com/item.html?itemID=7780178207
7780107415,x.n.e Glasses,,实物商品,190.00,https://weidian.com/item.html?itemID=7780107415
7780142129,C.P Long sleeves,,实物商品,112.10,https://weidian.com/item.html?itemID=7780142129
7783211722,K.s jeans,,实物商品,208.00,https://weidian.com/item.html?itemID=7783211722
7783209774,J.o.r.d.a.n 5,,实物商品,250.00,https://weidian.com/item.html?itemID=7783209774
7780160527,h.l  jeans,,实物商品,178.00,https://weidian.com/item.html?itemID=7780160527
7780215771,n.k d.n series,,实物商品,310.00,https://weidian.com/item.html?itemID=7780215771
7783130994,M.A.X 90 鞋子,,实物商品,258.00,https://weidian.com/item.html?itemID=7783130994
7780125231,n.k s.h.o.x  鞋子,,实物商品,228.00,https://weidian.com/item.html?itemID=7780125231
7783190020,b.l Socks and shoes,,实物商品,280.00,https://weidian.com/item.html?itemID=7783190020
7783174212,n.e.w 9060 鞋子,,实物商品,238.00,https://weidian.com/item.html?itemID=7783174212
7783083582,b.m jacket,,实物商品,580.00,https://weidian.com/item.html?itemID=7783083582
7780229599,p.l.d travel bag,,实物商品,360.00,https://weidian.com/item.html?itemID=7780229599
7780194101,t.r.a jacket,,实物商品,419.10,https://weidian.com/item.html?itemID=7780194101
7782933488,C.P  coat,,实物商品,280.20,https://weidian.com/item.html?itemID=7782933488
7783152166,b.l hoodie,,实物商品,160.10,https://weidian.com/item.html?itemID=7783152166
7783184132,T.N 鞋子,,实物商品,260.00,https://weidian.com/item.html?itemID=7783184132
7783113228,B.i.r.k.e.n.s.t.o.c.k.s,,实物商品,166.00,https://weidian.com/item.html?itemID=7783113228
7780211903,c.k hoodie,,实物商品,188.00,https://weidian.com/item.html?itemID=7780211903
7780213859,b.b.l down jacket,,实物商品,510.00,https://weidian.com/item.html?itemID=7780213859
7780172295,d.r belt,,实物商品,100.10,https://weidian.com/item.html?itemID=7780172295
7779949329,p.l.d backpack,,实物商品,380.00,https://weidian.com/item.html?itemID=7779949329
7783172186,n.k 鞋子,,实物商品,228.00,https://weidian.com/item.html?itemID=7783172186
7783213672,r.l quarter zipper,,实物商品,178.00,https://weidian.com/item.html?itemID=7783213672
7780138911,m.k.l jacket,,实物商品,418.10,https://weidian.com/item.html?itemID=7780138911
7783150526,a.m.r    jeans,,实物商品,198.00,https://weidian.com/item.html?itemID=7783150526
7780148785,n.k Vest,,实物商品,188.00,https://weidian.com/item.html?itemID=7780148785
7780123225,a.m.s jeans,,实物商品,202.60,https://weidian.com/item.html?itemID=7780123225
7780174335,X M S 鞋子,,实物商品,556.00,https://weidian.com/item.html?itemID=7780174335
7780164437,n.k Set,,实物商品,169.00,https://weidian.com/item.html?itemID=7780164437
7783170212,m.k.l Long sleeves,,实物商品,149.00,https://weidian.com/item.html?itemID=7783170212
7780182217,b.l l.q.d 鞋子,,实物商品,480.00,https://weidian.com/item.html?itemID=7780182217
7783172218,e.y coat,,实物商品,160.00,https://weidian.com/item.html?itemID=7783172218
7783215648,x.n.e rain boots,,实物商品,169.10,https://weidian.com/item.html?itemID=7783215648
7780117297,C.P jacket,,实物商品,460.00,https://weidian.com/item.html?itemID=7780117297
7783130980,q.d hoodie,,实物商品,228.00,https://weidian.com/item.html?itemID=7783130980
7780125223,d.r 22 鞋子,,实物商品,218.00,https://weidian.com/item.html?itemID=7780125223
7780202005,m.k.l quarter zipper,,实物商品,161.10,https://weidian.com/item.html?itemID=7780202005
7783126978,h.l hoodie,,实物商品,180.10,https://weidian.com/item.html?itemID=7783126978
7783117264,V.a.l.e.n.t.i.n.o 鞋子,,实物商品,249.00,https://weidian.com/item.html?itemID=7783117264
7780195869,J.o.r.d.a.n 14,,实物商品,270.00,https://weidian.com/item.html?itemID=7780195869
7783125004,n.k face mask,,实物商品,112.00,https://weidian.com/item.html?itemID=7783125004
7780194127,D.G jeans,,实物商品,288.00,https://weidian.com/item.html?itemID=7780194127
7783103376,d.r 25 鞋子,,实物商品,228.00,https://weidian.com/item.html?itemID=7783103376
7783166280,m.k.l windproof jacket,,实物商品,289.00,https://weidian.com/item.html?itemID=7783166280
7780107443,y.s.s 鞋子,,实物商品,280.00,https://weidian.com/item.html?itemID=7780107443
7779943485,earphone,,实物商品,88.00,https://weidian.com/item.html?itemID=7779943485
7780138903,a.m.i short sleeves,,实物商品,102.00,https://weidian.com/item.html?itemID=7780138903
7783191986,s.l.l jeans,,实物商品,168.00,https://weidian.com/item.html?itemID=7783191986
7783142664,Little Bear sweater,,实物商品,120.10,https://weidian.com/item.html?itemID=7783142664
7783182094,r.l Vest,,实物商品,320.10,https://weidian.com/item.html?itemID=7783182094
7783159934,d.s belt,,实物商品,102.10,https://weidian.com/item.html?itemID=7783159934
7780101477,r.l socks,,实物商品,45.00,https://weidian.com/item.html?itemID=7780101477
7783152182,h.l short sleeves,,实物商品,118.20,https://weidian.com/item.html?itemID=7783152182
7780033545,s.t.d shorts,,实物商品,99.00,https://weidian.com/item.html?itemID=7780033545
7783107324,d.r belt,,实物商品,107.10,https://weidian.com/item.html?itemID=7783107324
7780192111,G.Y   short sleeves,,实物商品,99.00,https://weidian.com/item.html?itemID=7780192111
7780127279,F.1 Racing suit,,实物商品,518.10,https://weidian.com/item.html?itemID=7780127279
7780133051,g.d jacket,,实物商品,368.00,https://weidian.com/item.html?itemID=7780133051
7780184213,b.b.l bikini,,实物商品,148.00,https://weidian.com/item.html?itemID=7780184213
7783110750,d.r hoodie,,实物商品,152.10,https://weidian.com/item.html?itemID=7783110750
7780152679,h.j.e鞋子,,实物商品,288.00,https://weidian.com/item.html?itemID=7780152679
7780198045,U.S jacket,,实物商品,288.10,https://weidian.com/item.html?itemID=7780198045
7783105288,n.k Elite Pack,,实物商品,160.00,https://weidian.com/item.html?itemID=7783105288
7783109266,M.c.Q.u.e.e.n s 鞋子,,实物商品,235.00,https://weidian.com/item.html?itemID=7783109266
7783086910,k.h.t Knitted hat,,实物商品,82.00,https://weidian.com/item.html?itemID=7783086910
7780119261,c.k  jacket,,实物商品,280.10,https://weidian.com/item.html?itemID=7780119261
7780195861,n.k tracksuit,,实物商品,269.80,https://weidian.com/item.html?itemID=7780195861
7783217648,n.k 95 鞋子,,实物商品,220.10,https://weidian.com/item.html?itemID=7783217648
7783203832,g.y suitcase,,实物商品,788.10,https://weidian.com/item.html?itemID=7783203832
7783128908,k.c handbag,,实物商品,260.00,https://weidian.com/item.html?itemID=7783128908
7780117307,a.s coat,,实物商品,230.09,https://weidian.com/item.html?itemID=7780117307
7783146554,b.l jeans,,实物商品,182.10,https://weidian.com/item.html?itemID=7783146554
7780117315,d.e Long sleeves,,实物商品,180.00,https://weidian.com/item.html?itemID=7780117315
7780146807,b.o.o.t shoes,,实物商品,389.10,https://weidian.com/item.html?itemID=7780146807
7783178186,U.U jeans,,实物商品,145.00,https://weidian.com/item.html?itemID=7783178186
7781791784,s.t.d sweater,,实物商品,170.10,https://weidian.com/item.html?itemID=7781791784
7778788069,a.d.m short sleeves,,实物商品,75.00,https://weidian.com/item.html?itemID=7778788069
7783540726,N.K v 5 鞋子,,实物商品,288.00,https://weidian.com/item.html?itemID=7783540726
7780469163,d.r Long sleeves,,实物商品,181.20,https://weidian.com/item.html?itemID=7780469163
7783481480,p.d.l bracelet,,实物商品,178.00,https://weidian.com/item.html?itemID=7783481480
7780582099,o.w 鞋子,,实物商品,268.00,https://weidian.com/item.html?itemID=7780582099
7783587952,g.c Ski goggles,,实物商品,468.00,https://weidian.com/item.html?itemID=7783587952
7783601770,p.l.d jacket,,实物商品,368.00,https://weidian.com/item.html?itemID=7783601770
7780544777,G.a.p hoodie,,实物商品,258.10,https://weidian.com/item.html?itemID=7780544777
7783542792,M  jeans,,实物商品,118.20,https://weidian.com/item.html?itemID=7783542792
7780523103,G.I.V hoodie,,实物商品,230.00,https://weidian.com/item.html?itemID=7780523103
7780535009,a.s  jeans,,实物商品,248.20,https://weidian.com/item.html?itemID=7780535009
7783518990,b.b.l Glasses,,实物商品,155.00,https://weidian.com/item.html?itemID=7783518990
7780617649,s.t.x Shirt,,实物商品,180.10,https://weidian.com/item.html?itemID=7780617649
7780552775,g.c bikini,,实物商品,122.00,https://weidian.com/item.html?itemID=7780552775
7780599917,s.t.d jeans,,实物商品,185.20,https://weidian.com/item.html?itemID=7780599917
7780516189,b.b.l Knitted hat,,实物商品,88.00,https://weidian.com/item.html?itemID=7780516189
7780538919,Little Bear sweater,,实物商品,238.00,https://weidian.com/item.html?itemID=7780538919
7780527045,b.b.l Phone case,,实物商品,45.00,https://weidian.com/item.html?itemID=7780527045
7783597798,n.k 鞋子,,实物商品,258.00,https://weidian.com/item.html?itemID=7783597798
7783609666,m.l.b Vest,,实物商品,345.00,https://weidian.com/item.html?itemID=7783609666
7780588011,c.p cardigan,,实物商品,648.00,https://weidian.com/item.html?itemID=7780588011
7780536841,h.l hoodie,,实物商品,168.00,https://weidian.com/item.html?itemID=7780536841
7780589963,p.u jeans,,实物商品,188.00,https://weidian.com/item.html?itemID=7780589963
7783494800,J.o.r.d.a.n 9,,实物商品,280.10,https://weidian.com/item.html?itemID=7783494800
7780499455,b.l Shoelace series,,实物商品,412.00,https://weidian.com/item.html?itemID=7780499455
7783501342,b.e.m unicorn,,实物商品,323.19,https://weidian.com/item.html?itemID=7783501342
7780527057,snow boots,,实物商品,420.00,https://weidian.com/item.html?itemID=7780527057
7780544783,A.p.p.l.e headphones,,实物商品,220.00,https://weidian.com/item.html?itemID=7780544783
7780558161,s.y backpack,,实物商品,142.20,https://weidian.com/item.html?itemID=7780558161
7783505240,p.l jacket,,实物商品,680.00,https://weidian.com/item.html?itemID=7783505240
7780552795,d.r hoodie,,实物商品,376.20,https://weidian.com/item.html?itemID=7780552795
7783544280,n.k short sleeves,,实物商品,158.00,https://weidian.com/item.html?itemID=7783544280
7783402772,t.r  hoodie,,实物商品,225.10,https://weidian.com/item.html?itemID=7783402772
7780528983,a.m.i short sleeves,,实物商品,99.00,https://weidian.com/item.html?itemID=7780528983
7780613715,d.r 57 series,,实物商品,280.10,https://weidian.com/item.html?itemID=7780613715
7780546753,y.s.s 360 鞋子,,实物商品,258.00,https://weidian.com/item.html?itemID=7780546753
7783505236,y.z C.r.o.c.s,,实物商品,107.10,https://weidian.com/item.html?itemID=7783505236
7780519089,t.e necklace,,实物商品,170.10,https://weidian.com/item.html?itemID=7780519089
7783566248,e.s tracksuit,,实物商品,134.10,https://weidian.com/item.html?itemID=7783566248
7783493420,n.e.w 530 鞋子,,实物商品,249.00,https://weidian.com/item.html?itemID=7783493420
7783525008,c.o.r hoodie,,实物商品,191.20,https://weidian.com/item.html?itemID=7783525008
7780538927,r.l quarter zipper,,实物商品,202.00,https://weidian.com/item.html?itemID=7780538927
7780568353,g.c Shirt,,实物商品,200.00,https://weidian.com/item.html?itemID=7780568353
7783603738,s.y short sleeves,,实物商品,127.00,https://weidian.com/item.html?itemID=7783603738
7780478413,M.L.B Shirt,,实物商品,160.00,https://weidian.com/item.html?itemID=7780478413
7783517062,power bank,,实物商品,150.00,https://weidian.com/item.html?itemID=7783517062
7783497300,s.l.l Long sleeves,,实物商品,140.10,https://weidian.com/item.html?itemID=7783497300
7783518998,c.k sweater,,实物商品,140.00,https://weidian.com/item.html?itemID=7783518998
7783534774,b.l r.u 鞋子,,实物商品,438.00,https://weidian.com/item.html?itemID=7783534774
7780593959,y.s.s k 14 鞋子,,实物商品,235.00,https://weidian.com/item.html?itemID=7780593959
7780595903,c.o.r short sleeves,,实物商品,108.00,https://weidian.com/item.html?itemID=7780595903
7783518986,e.y bracelet,,实物商品,111.10,https://weidian.com/item.html?itemID=7783518986
7783593808,p.l.d Casual shoes,,实物商品,219.00,https://weidian.com/item.html?itemID=7783593808
7783593802,C.P Knitted hat,,实物商品,88.10,https://weidian.com/item.html?itemID=7783593802
7780588013,z.c scarf,,实物商品,130.00,https://weidian.com/item.html?itemID=7780588013
7783485478,L.E.G.O bricks,,实物商品,204.00,https://weidian.com/item.html?itemID=7783485478
7780589965,l.b.t High heel,,实物商品,248.00,https://weidian.com/item.html?itemID=7780589965
7780595911,d.r down jacket,,实物商品,389.00,https://weidian.com/item.html?itemID=7780595911
7783526844,d.r jeans,,实物商品,180.00,https://weidian.com/item.html?itemID=7783526844
7780556531,r.l quarter zipper,,实物商品,188.00,https://weidian.com/item.html?itemID=7780556531
7780523087,A.i.r series,,实物商品,280.00,https://weidian.com/item.html?itemID=7780523087
7780619647,m.k.l jacket,,实物商品,620.40,https://weidian.com/item.html?itemID=7780619647
7780550731,A.S short sleeves,,实物商品,126.10,https://weidian.com/item.html?itemID=7780550731
7783509096,c.p short sleeves,,实物商品,108.00,https://weidian.com/item.html?itemID=7783509096
7783568136,n.k hoodie,,实物商品,158.00,https://weidian.com/item.html?itemID=7783568136
7780578135,m.j.l bracelet,,实物商品,139.00,https://weidian.com/item.html?itemID=7780578135
7783459178,h belt,,实物商品,106.20,https://weidian.com/item.html?itemID=7783459178
7780591929,N.K 97 鞋子,,实物商品,248.00,https://weidian.com/item.html?itemID=7780591929
7783546530,N.K SB 鞋子,,实物商品,260.00,https://weidian.com/item.html?itemID=7783546530
7783595720,6.p.m tracksuit,,实物商品,125.10,https://weidian.com/item.html?itemID=7783595720
7783538788,p.a.r cardigan,,实物商品,580.00,https://weidian.com/item.html?itemID=7783538788
7780613717,g.c 鞋子,,实物商品,248.00,https://weidian.com/item.html?itemID=7780613717
7780433437,J.o.r.d.a.n 12,,实物商品,288.00,https://weidian.com/item.html?itemID=7780433437
7783517044,a.m.i Shirt,,实物商品,168.00,https://weidian.com/item.html?itemID=7783517044
7780552793,e.y windproof jacket,,实物商品,245.00,https://weidian.com/item.html?itemID=7780552793
7783510644,n.k 鞋子,,实物商品,229.00,https://weidian.com/item.html?itemID=7783510644
7783483496,m.k.l jacket,,实物商品,460.10,https://weidian.com/item.html?itemID=7783483496
7783481476,J.o.r.d.a.n 11,,实物商品,248.00,https://weidian.com/item.html?itemID=7783481476
7780570065,d.r Vest,,实物商品,310.00,https://weidian.com/item.html?itemID=7780570065
7780404977,g.c Vest,,实物商品,312.00,https://weidian.com/item.html?itemID=7780404977
7780433447,C.P jacket,,实物商品,168.00,https://weidian.com/item.html?itemID=7780433447
7783593810,r.l cardigan,,实物商品,332.10,https://weidian.com/item.html?itemID=7783593810
7780603807,f.k.y.b bracelet,,实物商品,180.00,https://weidian.com/item.html?itemID=7780603807
7780580137,U.G.G  snow boots,,实物商品,220.00,https://weidian.com/item.html?itemID=7780580137
7783564230,d.e cardigan,,实物商品,332.10,https://weidian.com/item.html?itemID=7783564230
7783526846,y.z 380 鞋子,,实物商品,277.20,https://weidian.com/item.html?itemID=7783526846
7783501328,Bear hoodie,,实物商品,188.00,https://weidian.com/item.html?itemID=7783501328
7779698011,a.d sports jacket,,实物商品,209.00,https://weidian.com/item.html?itemID=7779698011
7783123050,u.g Casual shoes,,实物商品,288.80,https://weidian.com/item.html?itemID=7783123050
7782605430,n.k Knitted hat,,实物商品,58.00,https://weidian.com/item.html?itemID=7782605430
7783115244,k.l.x leather shoes,,实物商品,520.00,https://weidian.com/item.html?itemID=7783115244
7781753640,f.d Casual shoes,,实物商品,336.00,https://weidian.com/item.html?itemID=7781753640
7779551319,m.k.l High-top shoes,,实物商品,648.00,https://weidian.com/item.html?itemID=7779551319
7782684062,s.t.d Knitted hat,,实物商品,68.00,https://weidian.com/item.html?itemID=7782684062
7779676455,b.b.l windproof jacket,,实物商品,880.00,https://weidian.com/item.html?itemID=7779676455
7778710261,b.l Casual shoes,,实物商品,399.10,https://weidian.com/item.html?itemID=7778710261
7782711684,k.l.x leather jacket,,实物商品,440.00,https://weidian.com/item.html?itemID=7782711684
7783217646,a.m.s Spring shoes,,实物商品,288.00,https://weidian.com/item.html?itemID=7783217646
7780947105,g.c jacket,,实物商品,390.00,https://weidian.com/item.html?itemID=7780947105
7781004049,b.l short sleeves,,实物商品,234.00,https://weidian.com/item.html?itemID=7781004049
7781052087,o.w 鞋子,,实物商品,369.00,https://weidian.com/item.html?itemID=7781052087
7780977157,n.e.w 9.9.2 鞋子,,实物商品,280.00,https://weidian.com/item.html?itemID=7780977157
7781038299,f.d sweater,,实物商品,220.10,https://weidian.com/item.html?itemID=7781038299
7781052099,r.l belt,,实物商品,80.00,https://weidian.com/item.html?itemID=7781052099
7783969170,s.l hat,,实物商品,92.00,https://weidian.com/item.html?itemID=7783969170
7781018679,j.a hoodie,,实物商品,264.00,https://weidian.com/item.html?itemID=7781018679
7781028495,S.p.5 hoodie,,实物商品,310.00,https://weidian.com/item.html?itemID=7781028495
7781046119,d.r shorts,,实物商品,120.00,https://weidian.com/item.html?itemID=7781046119
7784026326,h.l  Long sleeves,,实物商品,120.00,https://weidian.com/item.html?itemID=7784026326
7781040017,DIR Hat series,,实物商品,88.00,https://weidian.com/item.html?itemID=7781040017
7781036327,t.m Long sleeves,,实物商品,120.00,https://weidian.com/item.html?itemID=7781036327
7780992961,b.r.o sweater,,实物商品,120.00,https://weidian.com/item.html?itemID=7780992961
7784071776,b.l shoes,,实物商品,688.00,https://weidian.com/item.html?itemID=7784071776
7781046137,k.d.y watch,,实物商品,880.00,https://weidian.com/item.html?itemID=7781046137
7781040027,n y c 鞋子,,实物商品,245.00,https://weidian.com/item.html?itemID=7781040027
7783949486,n.k n.o.c.t.a 鞋子,,实物商品,298.10,https://weidian.com/item.html?itemID=7783949486
7781014783,b.l arena,,实物商品,318.00,https://weidian.com/item.html?itemID=7781014783
7781020679,25-26 jersey,,实物商品,65.00,https://weidian.com/item.html?itemID=7781020679
7783951366,J.A sweater,,实物商品,248.00,https://weidian.com/item.html?itemID=7783951366
7784024390,k.l.x Long sleeves,,实物商品,134.10,https://weidian.com/item.html?itemID=7784024390
7783880970,mt down jacket,,实物商品,399.00,https://weidian.com/item.html?itemID=7783880970
7783951372,b.b.l jeans,,实物商品,168.00,https://weidian.com/item.html?itemID=7783951372
7783937118,mt tracksuit,,实物商品,210.00,https://weidian.com/item.html?itemID=7783937118
7781026485,o.l.o sweatpants,,实物商品,110.00,https://weidian.com/item.html?itemID=7781026485
7784056000,o.n 鞋子,,实物商品,250.00,https://weidian.com/item.html?itemID=7784056000
7780982635,f.d jacket,,实物商品,410.40,https://weidian.com/item.html?itemID=7780982635
7784057932,n.k Sweatpants,,实物商品,120.00,https://weidian.com/item.html?itemID=7784057932
7781071901,s.y Hoodie,,实物商品,145.00,https://weidian.com/item.html?itemID=7781071901
7781060071,y.h jeans,,实物商品,148.00,https://weidian.com/item.html?itemID=7781060071
7781038297,S.T.X Knitted hat,,实物商品,68.00,https://weidian.com/item.html?itemID=7781038297
7784012536,a.a belt,,实物商品,98.00,https://weidian.com/item.html?itemID=7784012536
7784020462,s tracksuit,,实物商品,128.00,https://weidian.com/item.html?itemID=7784020462
7783972650,P.o.k.é.m.o.n,,实物商品,105.00,https://weidian.com/item.html?itemID=7783972650
7783943022,h.l sweatpants,,实物商品,150.00,https://weidian.com/item.html?itemID=7783943022
7780961369,CB series,,实物商品,150.00,https://weidian.com/item.html?itemID=7780961369
7780987029,A.p.p.l.e headphones,,实物商品,88.00,https://weidian.com/item.html?itemID=7780987029
7783815434,k.h.t jacket,,实物商品,359.00,https://weidian.com/item.html?itemID=7783815434
7784034176,s.y short sleeves,,实物商品,116.10,https://weidian.com/item.html?itemID=7784034176
7784004790,syn jacket,,实物商品,409.00,https://weidian.com/item.html?itemID=7784004790
7781069961,J.o.r.d.a.n 3 series,,实物商品,210.00,https://weidian.com/item.html?itemID=7781069961
7784069766,m.k.l cardigan,,实物商品,320.00,https://weidian.com/item.html?itemID=7784069766
7784059966,m.m.h hat,,实物商品,85.00,https://weidian.com/item.html?itemID=7784059966
7781002829,o.l.o hoodie,,实物商品,154.00,https://weidian.com/item.html?itemID=7781002829
7780981111,u.u belt,,实物商品,88.00,https://weidian.com/item.html?itemID=7780981111
7784059972,h.l shorts,,实物商品,118.00,https://weidian.com/item.html?itemID=7784059972
7784010694,o.w Glasses,,实物商品,128.00,https://weidian.com/item.html?itemID=7784010694
7781060077,A.K.M hoodie,,实物商品,204.10,https://weidian.com/item.html?itemID=7781060077
7784046080,a.d Shirt,,实物商品,258.00,https://weidian.com/item.html?itemID=7784046080
7784056006,s.l.l hat,,实物商品,79.00,https://weidian.com/item.html?itemID=7784056006
7784028302,m.k hat,,实物商品,99.00,https://weidian.com/item.html?itemID=7784028302
7784026322,C.K  underwear,,实物商品,85.00,https://weidian.com/item.html?itemID=7784026322
7780955445,g.c Glasses,,实物商品,117.45,https://weidian.com/item.html?itemID=7780955445
7781014759,d.r scarf,,实物商品,118.10,https://weidian.com/item.html?itemID=7781014759
7784024388,b.l 鞋子,,实物商品,519.10,https://weidian.com/item.html?itemID=7784024388
7784063792,l.b.t Spiked shoes,,实物商品,288.00,https://weidian.com/item.html?itemID=7784063792
7784046074,z.c short sleeves,,实物商品,150.00,https://weidian.com/item.html?itemID=7784046074
7781044185,j.a scarf,,实物商品,232.10,https://weidian.com/item.html?itemID=7781044185
7781000473,1996 hoodie,,实物商品,199.00,https://weidian.com/item.html?itemID=7781000473
7780970739,b.x tracksuit,,实物商品,98.00,https://weidian.com/item.html?itemID=7780970739
7780994933,s.z Hoodie,,实物商品,185.00,https://weidian.com/item.html?itemID=7780994933
7784036130,England rain jacket,,实物商品,380.00,https://weidian.com/item.html?itemID=7784036130
7780947103,S.u.p sweater,,实物商品,468.20,https://weidian.com/item.html?itemID=7780947103
7780959465,s.t.x wool coat,,实物商品,252.00,https://weidian.com/item.html?itemID=7780959465
7784026334,s.t.x jeans,,实物商品,220.00,https://weidian.com/item.html?itemID=7784026334
7780819449,American sweater,,实物商品,130.00,https://weidian.com/item.html?itemID=7780819449
7780869571,b.r.o tracksuit,,实物商品,160.00,https://weidian.com/item.html?itemID=7780869571
7784038040,e.s Long sleeves,,实物商品,160.00,https://weidian.com/item.html?itemID=7784038040
7781008749,s.z sweater,,实物商品,180.00,https://weidian.com/item.html?itemID=7781008749
7780973145,L.a.b.u.b.u,,实物商品,150.00,https://weidian.com/item.html?itemID=7780973145
7783990466,n.k Glowing Jacket,,实物商品,188.00,https://weidian.com/item.html?itemID=7783990466
7784026342,r.l sweater,,实物商品,189.00,https://weidian.com/item.html?itemID=7784026342
7784000370,b p 鞋子,,实物商品,279.00,https://weidian.com/item.html?itemID=7784000370
7780953021,t.m belt,,实物商品,108.10,https://weidian.com/item.html?itemID=7780953021
7781034395,a.m.n watch,,实物商品,480.00,https://weidian.com/item.html?itemID=7781034395
7780910877,k.l.x sweatpants,,实物商品,160.00,https://weidian.com/item.html?itemID=7780910877
7784059970,s.l jacket,,实物商品,500.00,https://weidian.com/item.html?itemID=7784059970
7781071923,v belt,,实物商品,80.00,https://weidian.com/item.html?itemID=7781071923
7780969289,r.l short sleeves,,实物商品,99.00,https://weidian.com/item.html?itemID=7780969289
7781014789,b.b.l fanny pack,,实物商品,488.10,https://weidian.com/item.html?itemID=7781014789
7781024553,s.b.r coat,,实物商品,258.00,https://weidian.com/item.html?itemID=7781024553
7781016729,p.l.d series,,实物商品,209.00,https://weidian.com/item.html?itemID=7781016729
7780990991,n.k max 鞋子,,实物商品,238.00,https://weidian.com/item.html?itemID=7780990991
7783965230,s.y Long sleeves,,实物商品,136.00,https://weidian.com/item.html?itemID=7783965230
7781042211,C.a.r.h.a.r.t jacket,,实物商品,230.00,https://weidian.com/item.html?itemID=7781042211
7780819457,a.f.1 Casual shoes,,实物商品,260.00,https://weidian.com/item.html?itemID=7780819457
7783943026,A.S.I.C.S 1.1.3.0 鞋子,,实物商品,238.00,https://weidian.com/item.html?itemID=7783943026
7780996969,M.a.r.g.i.e.l.a long sleeves,,实物商品,122.00,https://weidian.com/item.html?itemID=7780996969
7784071796,C.K belt,,实物商品,80.00,https://weidian.com/item.html?itemID=7784071796
7781103185,H.e.r.m.e.s slippers,,实物商品,145.00,https://weidian.com/item.html?itemID=7781103185
7784067486,G.u.c.c.i slippers,,实物商品,150.00,https://weidian.com/item.html?itemID=7784067486
7781322727,p.l.d High-top shoes,,实物商品,510.00,https://weidian.com/item.html?itemID=7781322727
7780176297,e.r.d hoodie,,实物商品,190.00,https://weidian.com/item.html?itemID=7780176297
7784285204,E.m.i.l low-top shoes,,实物商品,378.10,https://weidian.com/item.html?itemID=7784285204
7781026489,l.b.t leather shoes,,实物商品,280.00,https://weidian.com/item.html?itemID=7781026489
7784340216,S.a.i.n.t Laurent sunglasses,,实物商品,130.00,https://weidian.com/item.html?itemID=7784340216
7784261532,s.t.d short sleeves,,实物商品,92.00,https://weidian.com/item.html?itemID=7784261532
7781324725,n.e.w 9.9.3 Casual shoes,,实物商品,223.10,https://weidian.com/item.html?itemID=7781324725
7781369951,t.m Short-sleeved suit,,实物商品,142.00,https://weidian.com/item.html?itemID=7781369951
7783992814,m.o.n down jacket,,实物商品,288.00,https://weidian.com/item.html?itemID=7783992814
7780603801,n.k down jacket,,实物商品,478.10,https://weidian.com/item.html?itemID=7780603801
7780578123,e.y Knitted hat,,实物商品,67.00,https://weidian.com/item.html?itemID=7780578123
7783468400,s.t.d jacket,,实物商品,358.00,https://weidian.com/item.html?itemID=7783468400
7783525000,R.O High-top shoes,,实物商品,308.00,https://weidian.com/item.html?itemID=7783525000
7780142125,b.l High-top shoes,,实物商品,410.10,https://weidian.com/item.html?itemID=7780142125
7783483504,d.p Casual shoes,,实物商品,240.00,https://weidian.com/item.html?itemID=7783483504
7783513100,e.y Casual shoes,,实物商品,314.10,https://weidian.com/item.html?itemID=7783513100
7780574223,m.j.l leather shoes,,实物商品,328.00,https://weidian.com/item.html?itemID=7780574223
7783538796,D.y.s.o.n hair dryer,,实物商品,180.00,https://weidian.com/item.html?itemID=7783538796
7780103389,n.e.w 740 running shoes,,实物商品,268.00,https://weidian.com/item.html?itemID=7780103389
7783485468,m.j.l Casual shoes,,实物商品,288.00,https://weidian.com/item.html?itemID=7783485468
7780588005,Split-toe shoes series,,实物商品,288.00,https://weidian.com/item.html?itemID=7780588005
7781105233,d.e down jacket,,实物商品,588.00,https://weidian.com/item.html?itemID=7781105233
7781295175,Z.A.R.A  jeans,,实物商品,180.00,https://weidian.com/item.html?itemID=7781295175
7781356125,c.k  short sleeves,,实物商品,128.10,https://weidian.com/item.html?itemID=7781356125
7781308927,C.h.r.o.m.e Hearts schoolbag,,实物商品,498.00,https://weidian.com/item.html?itemID=7781308927
7781293337,c.a.s.a  sweater,,实物商品,320.00,https://weidian.com/item.html?itemID=7781293337
7784227260,D.i.o.r B 9 Casual shoes,,实物商品,420.00,https://weidian.com/item.html?itemID=7784227260
7781269533,J.o.r.d.a.n down jacket,,实物商品,399.00,https://weidian.com/item.html?itemID=7781269533
7784298912,s.t.d quarter zipper,,实物商品,180.00,https://weidian.com/item.html?itemID=7784298912
7781356129,E.A.7 jeans,,实物商品,158.00,https://weidian.com/item.html?itemID=7781356129
7781371945,d.e Hoodie Set,,实物商品,185.00,https://weidian.com/item.html?itemID=7781371945
7784291176,R.a.l.p.h cardigan,,实物商品,350.00,https://weidian.com/item.html?itemID=7784291176
7781326687,b.l belt,,实物商品,85.00,https://weidian.com/item.html?itemID=7781326687
7784334566,S.a.n.y.u.a.n Shoes Series,,实物商品,268.00,https://weidian.com/item.html?itemID=7784334566
7781180815,m jeans,,实物商品,188.00,https://weidian.com/item.html?itemID=7781180815
7781379777,n.k quarter zipper,,实物商品,195.00,https://weidian.com/item.html?itemID=7781379777
7784322376,n.k 9.8 鞋子,,实物商品,312.00,https://weidian.com/item.html?itemID=7784322376
7784304768,G.i.v.e.n.c.h.y sweater,,实物商品,185.00,https://weidian.com/item.html?itemID=7784304768
7784332562,P.a.n.d.o.r.a Ring,,实物商品,108.60,https://weidian.com/item.html?itemID=7784332562
7784300872,maillot d e football,,实物商品,115.10,https://weidian.com/item.html?itemID=7784300872
7781281385,R.a.l.p.h Lauren sweater,,实物商品,175.00,https://weidian.com/item.html?itemID=7781281385
7784320674,C.h.a.n.e.l shoulder bag,,实物商品,188.00,https://weidian.com/item.html?itemID=7784320674
7781342559,d.e  quarter zipper,,实物商品,156.00,https://weidian.com/item.html?itemID=7781342559
7784334552,n.e.w 1.0.0.0 鞋子,,实物商品,279.00,https://weidian.com/item.html?itemID=7784334552
7784291180,b.m  Phone case,,实物商品,59.00,https://weidian.com/item.html?itemID=7784291180
7781271537,a.j 6 basketball shoes,,实物商品,265.00,https://weidian.com/item.html?itemID=7781271537
7781320803,t.r.a hoodie,,实物商品,130.00,https://weidian.com/item.html?itemID=7781320803
7781326701,P.r.a.d.a hoodie,,实物商品,230.10,https://weidian.com/item.html?itemID=7781326701
7784296958,J.A.C Zipper sweatshirt,,实物商品,258.00,https://weidian.com/item.html?itemID=7784296958
7784353982,V.e.r.s.a.c.e 鞋子,,实物商品,280.00,https://weidian.com/item.html?itemID=7784353982
7784285212,B.u.r.b.e.r.r.y jacket,,实物商品,358.00,https://weidian.com/item.html?itemID=7784285212
7781281381,e.s Knitted sweater,,实物商品,199.00,https://weidian.com/item.html?itemID=7781281381
7781389631,t.m Zipper Hoodie,,实物商品,220.00,https://weidian.com/item.html?itemID=7781389631
7781269517,k l x bracelet,,实物商品,78.00,https://weidian.com/item.html?itemID=7781269517
7781285401,e.m.d G.a.n.t.s,,实物商品,208.10,https://weidian.com/item.html?itemID=7781285401
7784293020,C.K Casual shoes,,实物商品,283.00,https://weidian.com/item.html?itemID=7784293020
7784314714,B.u.r.b.e.r.r.y Hoodie,,实物商品,208.00,https://weidian.com/item.html?itemID=7784314714
7781263579,t.m underwear,,实物商品,78.00,https://weidian.com/item.html?itemID=7781263579
7784215378,a.l.o short sleeves,,实物商品,88.00,https://weidian.com/item.html?itemID=7784215378
7781332355,P.r.a.d.a belts,,实物商品,128.00,https://weidian.com/item.html?itemID=7781332355
7781318763,p.u jeans,,实物商品,208.00,https://weidian.com/item.html?itemID=7781318763
7781344549,J.o.r.d.a.n sweatpants,,实物商品,160.00,https://weidian.com/item.html?itemID=7781344549
7784306798,a.p watch s-9 s-10 UT-2,,实物商品,288.00,https://weidian.com/item.html?itemID=7784306798
7781332353,n.k soccer cleats,,实物商品,249.00,https://weidian.com/item.html?itemID=7781332353
7784265440,Z.A.R.A  Half-zip hoodie,,实物商品,195.00,https://weidian.com/item.html?itemID=7784265440
7781332381,Lu B.o.t.i.n.g High-top shoes,,实物商品,388.00,https://weidian.com/item.html?itemID=7781332381
7781340569,Z.A.R.A down jacket,,实物商品,318.00,https://weidian.com/item.html?itemID=7781340569
7781225369,m m sweater,,实物商品,220.00,https://weidian.com/item.html?itemID=7781225369
7781379787,j.a  Long sleeves,,实物商品,175.00,https://weidian.com/item.html?itemID=7781379787
7781352157,b.p Long sleeves,,实物商品,160.00,https://weidian.com/item.html?itemID=7781352157
7784343996,o.n  sports jacket,,实物商品,288.00,https://weidian.com/item.html?itemID=7784343996
7781301173,B 44 鞋子,,实物商品,238.00,https://weidian.com/item.html?itemID=7781301173
7784342170,P.r.a.d.a hat,,实物商品,118.00,https://weidian.com/item.html?itemID=7784342170
7784293016,t.a bag,,实物商品,112.00,https://weidian.com/item.html?itemID=7784293016
7781303023,m.k Three-piece set,,实物商品,238.20,https://weidian.com/item.html?itemID=7781303023
7781286883,t.m hoodie,,实物商品,165.00,https://weidian.com/item.html?itemID=7781286883
7781356113,P.r.a.d.a long sleeve,,实物商品,180.00,https://weidian.com/item.html?itemID=7781356113
7784269496,P.r.a.d.a loafers,,实物商品,280.00,https://weidian.com/item.html?itemID=7784269496
7781383743,V.a.l.e.n.t.i.n.o sweater,,实物商品,195.00,https://weidian.com/item.html?itemID=7781383743
7784263536,R.a.l.p.h Lauren hats,,实物商品,115.00,https://weidian.com/item.html?itemID=7784263536
7781375795,G.o.t.h.i.c down jacket,,实物商品,298.00,https://weidian.com/item.html?itemID=7781375795
7781301203,c.p down jacket,,实物商品,428.00,https://weidian.com/item.html?itemID=7781301203
7784045512,e.s Shirt,,实物商品,185.00,https://weidian.com/item.html?itemID=7784045512
7781338575,b.m quarter zipper,,实物商品,168.00,https://weidian.com/item.html?itemID=7781338575
7781283427,C.r.o.c.o.d.i.l.e bag,,实物商品,112.00,https://weidian.com/item.html?itemID=7781283427
7781353991,b.l hoodie,,实物商品,166.00,https://weidian.com/item.html?itemID=7781353991
7784330554,s.c hoodie,,实物商品,145.00,https://weidian.com/item.html?itemID=7784330554
7784296952,kc wallet,,实物商品,108.10,https://weidian.com/item.html?itemID=7784296952
7784328592,C.h.a.n.e.l r u,,实物商品,258.00,https://weidian.com/item.html?itemID=7784328592
7784286194,d.q jeans,,实物商品,158.00,https://weidian.com/item.html?itemID=7784286194
7784342180,c.k underwear,,实物商品,69.00,https://weidian.com/item.html?itemID=7784342180
7784332560,U.n.d.e.r Armour gloves,,实物商品,145.00,https://weidian.com/item.html?itemID=7784332560
7781375775,C.e.l.i.n.e hoodie,,实物商品,175.00,https://weidian.com/item.html?itemID=7781375775
7784265444,*G*I*V Zipper sweatshirt,,实物商品,260.00,https://weidian.com/item.html?itemID=7784265444
7784259534,G.u.c.c.i scarf,,实物商品,99.00,https://weidian.com/item.html?itemID=7784259534
7784314728,g.c bags,,实物商品,169.20,https://weidian.com/item.html?itemID=7784314728
7784294900,R.a.l.p.h Lauren long sleeves,,实物商品,149.00,https://weidian.com/item.html?itemID=7784294900
7781332375,G.u.c.c.i hoodie,,实物商品,189.00,https://weidian.com/item.html?itemID=7781332375
7781375785,C.h.a.n.e.l sweater,,实物商品,248.20,https://weidian.com/item.html?itemID=7781375785
7784310818,k.c Bucket bag,,实物商品,158.00,https://weidian.com/item.html?itemID=7784310818
7781304909,S.C hoodie,,实物商品,132.10,https://weidian.com/item.html?itemID=7781304909
7784265428,C.a.s.i.o watches,,实物商品,299.00,https://weidian.com/item.html?itemID=7784265428
7784349812,D.i.o.r B 27,,实物商品,288.00,https://weidian.com/item.html?itemID=7784349812
7781373843,c.d hoodie,,实物商品,178.00,https://weidian.com/item.html?itemID=7781373843
7784296930,R.a.l.p.h Lauren Casual shoes,,实物商品,269.00,https://weidian.com/item.html?itemID=7784296930
7784332572,z.l  short sleeves,,实物商品,131.10,https://weidian.com/item.html?itemID=7784332572
7784314716,Fragrance Series,,实物商品,158.00,https://weidian.com/item.html?itemID=7784314716
7781326711,b.b cardigan,,实物商品,289.00,https://weidian.com/item.html?itemID=7781326711
7781269513,s.t.d Phone case,,实物商品,55.00,https://weidian.com/item.html?itemID=7781269513
7781346425,n.e.w.1.0.0.0 鞋子,,实物商品,320.00,https://weidian.com/item.html?itemID=7781346425
7784316704,b.p shorts,,实物商品,99.00,https://weidian.com/item.html?itemID=7784316704
7784308748,a.d quarter zipper,,实物商品,168.00,https://weidian.com/item.html?itemID=7784308748
7784034188,d.s handbag,,实物商品,180.00,https://weidian.com/item.html?itemID=7784034188
7781065987,s.t.d  Long sleeves,,实物商品,112.00,https://weidian.com/item.html?itemID=7781065987
7783546542,a.d Casual shoes,,实物商品,199.00,https://weidian.com/item.html?itemID=7783546542
7783980998,K.a.p.o.k flower hoodie,,实物商品,190.00,https://weidian.com/item.html?itemID=7783980998
7780589961,U.n down jacket,,实物商品,518.10,https://weidian.com/item.html?itemID=7780589961
7780597943,S.u.p underwear,,实物商品,25.00,https://weidian.com/item.html?itemID=7780597943
7783977050,C.a.n.a.d.a Goose down jacket,,实物商品,528.00,https://weidian.com/item.html?itemID=7783977050
7783503272,b.b.l Casual shoes,,实物商品,310.00,https://weidian.com/item.html?itemID=7783503272
7780959489,m.k windproof jacket,,实物商品,288.00,https://weidian.com/item.html?itemID=7780959489
7781008763,m.k.l jacket,,实物商品,580.20,https://weidian.com/item.html?itemID=7781008763
7780967249,r.l slippers,,实物商品,145.00,https://weidian.com/item.html?itemID=7780967249
7781064041,B.D.J Casual shoes,,实物商品,330.00,https://weidian.com/item.html?itemID=7781064041
7785427002,z.c Long sleeves,,实物商品,138.00,https://weidian.com/item.html?itemID=7785427002
7782421199,6.p.m hoodie,,实物商品,168.00,https://weidian.com/item.html?itemID=7782421199
7782520011,R.a.l.p.h Lauren Knitted hat,,实物商品,58.00,https://weidian.com/item.html?itemID=7782520011
7785432978,P.U jeans,,实物商品,185.00,https://weidian.com/item.html?itemID=7785432978
7782411105,D.i.o.r short-sleeved shirt,,实物商品,105.00,https://weidian.com/item.html?itemID=7782411105
7785472492,T.r.a short sleeves,,实物商品,97.80,https://weidian.com/item.html?itemID=7785472492
7782525893,m.a.s.c.o.t sweater,,实物商品,165.00,https://weidian.com/item.html?itemID=7782525893
7782480573,a.l.o Zipper sweatshirt,,实物商品,145.10,https://weidian.com/item.html?itemID=7782480573
7782407467,A.n.g.e.l sports jacket,,实物商品,105.00,https://weidian.com/item.html?itemID=7782407467
7785511984,m.a.s.c.o.t Hoodie,,实物商品,149.10,https://weidian.com/item.html?itemID=7785511984
7782500237,y.z.3.5.0 鞋子,,实物商品,178.00,https://weidian.com/item.html?itemID=7782500237
7782423135,D**K Low-top shoes,,实物商品,238.00,https://weidian.com/item.html?itemID=7782423135
7782533853,P.a.t.e.k Philippe watches,,实物商品,588.10,https://weidian.com/item.html?itemID=7782533853
7782492363,S.t.u.s.s.y phone cases,,实物商品,55.00,https://weidian.com/item.html?itemID=7782492363
7785480380,m.k.l Vest,,实物商品,358.00,https://weidian.com/item.html?itemID=7785480380
7782433093,n.k wool cardigan,,实物商品,288.00,https://weidian.com/item.html?itemID=7782433093
7785456772,a.j.6 basketball shoes,,实物商品,280.00,https://weidian.com/item.html?itemID=7785456772
7782446931,A.S.I.C.S.2.1.6.0 鞋子,,实物商品,260.10,https://weidian.com/item.html?itemID=7782446931
7785506034,y.z.5.0.0 鞋子,,实物商品,255.00,https://weidian.com/item.html?itemID=7785506034
7785482368,y.z 450 鞋子,,实物商品,208.00,https://weidian.com/item.html?itemID=7785482368
7782454833,C.h.r.o.m.e H.e.a.r.t.s down jacket,,实物商品,560.00,https://weidian.com/item.html?itemID=7782454833
7782413449,G.i.v.e.n.c.h.y short-sleeved shirt,,实物商品,129.00,https://weidian.com/item.html?itemID=7782413449
7782514081,d  g Casual shoes,,实物商品,288.00,https://weidian.com/item.html?itemID=7782514081
7782387489,m.e.r.t.r.a* short sleeves,,实物商品,118.00,https://weidian.com/item.html?itemID=7782387489
7782514083,d.q short sleeves,,实物商品,132.00,https://weidian.com/item.html?itemID=7782514083
7782537715,M.o.n.c.l.e.r Zip-Up Hoodie,,实物商品,260.00,https://weidian.com/item.html?itemID=7782537715
7785500124,G.o.y.a.d Bags Collection,,实物商品,108.00,https://weidian.com/item.html?itemID=7785500124
7782498259,c.a short sleeves,,实物商品,88.00,https://weidian.com/item.html?itemID=7782498259
7782516043,d.q hoodie,,实物商品,120.00,https://weidian.com/item.html?itemID=7782516043
7782484503,V.e.r.s.a.c.e Sunglasses,,实物商品,158.00,https://weidian.com/item.html?itemID=7782484503
7782521999,b.l Sweatpants,,实物商品,158.00,https://weidian.com/item.html?itemID=7782521999
7782402507,b.o.o.s hoodie,,实物商品,158.00,https://weidian.com/item.html?itemID=7782402507
7785407402,M.a.r.g.i.e.l.a wallet,,实物商品,128.00,https://weidian.com/item.html?itemID=7785407402
7785512004,1.9.7.7 short sleeves,,实物商品,92.00,https://weidian.com/item.html?itemID=7785512004
7782470081,b.p short sleeves,,实物商品,128.00,https://weidian.com/item.html?itemID=7782470081
7785510044,b.l hoodie,,实物商品,258.00,https://weidian.com/item.html?itemID=7785510044
7782522003,xm Shirt,,实物商品,158.00,https://weidian.com/item.html?itemID=7782522003
7782454843,N.i.k.e x S.t.u.s.s.y hoodie,,实物商品,160.00,https://weidian.com/item.html?itemID=7782454843
7785498178,C.P  Wool Zipper Sweater,,实物商品,186.10,https://weidian.com/item.html?itemID=7785498178
7785423104,R.a.y-B.a.n sunglasses,,实物商品,112.10,https://weidian.com/item.html?itemID=7785423104
7785442638,ll Yoga sportswear,,实物商品,205.10,https://weidian.com/item.html?itemID=7785442638
7785436942,U.n.i.q.l.o down jacket,,实物商品,349.00,https://weidian.com/item.html?itemID=7785436942
7785417132,R.a.l.p.h Lauren down jacket,,实物商品,298.00,https://weidian.com/item.html?itemID=7785417132
7785442642,e.s.s.e.n.t.i.a.l.s set,,实物商品,130.00,https://weidian.com/item.html?itemID=7785442642
7782444203,a.j.3 basketball shoes,,实物商品,248.10,https://weidian.com/item.html?itemID=7782444203
7782427133,M.o.n.c.l.e.r sweatpants,,实物商品,168.00,https://weidian.com/item.html?itemID=7782427133
7785413158,L.v Knitted sweater,,实物商品,168.00,https://weidian.com/item.html?itemID=7785413158
7785399496,I.c.e cream jeans,,实物商品,208.00,https://weidian.com/item.html?itemID=7785399496
7782516051,M.a.r.g.i.e.l.a Long sleeves,,实物商品,178.00,https://weidian.com/item.html?itemID=7782516051
7785517914,A.m.e.r.i.c.a.n zipper,半拉链,实物商品,92.00,https://weidian.com/item.html?itemID=7785517914
7785233592,E.m.p.e.r.o.r Penguin Belt,pdd65666,实物商品,158.00,https://weidian.com/item.html?itemID=7785233592
7782472743,s.u.p Collaboration Hoodie,,实物商品,160.00,https://weidian.com/item.html?itemID=7782472743
7785452830,NIE Sports compilation,,实物商品,158.00,https://weidian.com/item.html?itemID=7785452830
7785484390,e.m.d hoodie,,实物商品,198.00,https://weidian.com/item.html?itemID=7785484390
7785507960,M.c.Q.u.e.e.n hoodie,,实物商品,228.00,https://weidian.com/item.html?itemID=7785507960
7782476619,N.a.i.l Handbag,8825#,实物商品,148.00,https://weidian.com/item.html?itemID=7782476619
7785409324,R.a.c.i.n.g Suit Collection,,实物商品,246.00,https://weidian.com/item.html?itemID=7785409324
7785377478,H.e.l.l S.t.a.r hoodie,,实物商品,148.00,https://weidian.com/item.html?itemID=7785377478
7785496140,C.h.r.o.m.e Hearts Zipper Sweater,,实物商品,158.00,https://weidian.com/item.html?itemID=7785496140
7785502094,a.x Knitted sweater,,实物商品,168.00,https://weidian.com/item.html?itemID=7785502094
7785438654,b.l sweater,,实物商品,245.00,https://weidian.com/item.html?itemID=7785438654
7785527706,C.r.o.c.o.d.i.l.e half-sleeve sweatshirt,,实物商品,139.00,https://weidian.com/item.html?itemID=7785527706
7782523923,e.s Half-up hoodie,,实物商品,198.00,https://weidian.com/item.html?itemID=7782523923
7782456923,Sp  5 short sleeves,,实物商品,118.10,https://weidian.com/item.html?itemID=7782456923
7785511986,V.e.r.s.a.c.e belt,,实物商品,88.00,https://weidian.com/item.html?itemID=7785511986
7785418836,s.y Knitted hat,,实物商品,69.00,https://weidian.com/item.html?itemID=7785418836
7782482493,R.o.l.e.x watch,,实物商品,399.00,https://weidian.com/item.html?itemID=7782482493
7785502102,sup Ski goggles,,实物商品,138.00,https://weidian.com/item.html?itemID=7785502102
7785533614,A.n.g.e.l tracksuit,,实物商品,158.10,https://weidian.com/item.html?itemID=7785533614
7782409477,B.o.t.t.e.g.a V.e.n.e.t.a athletic shoes,,实物商品,240.00,https://weidian.com/item.html?itemID=7782409477
7782523925,D.i.o.r B 33 Casual shoes,,实物商品,314.10,https://weidian.com/item.html?itemID=7782523925
7785502104,C.h.a.n.e.l Gloves,,实物商品,262.00,https://weidian.com/item.html?itemID=7785502104
7785446934,g.i.u.s.e.p.p.e z.a.n.o.t.t.i Casual shoes,,实物商品,420.00,https://weidian.com/item.html?itemID=7785446934
7782456933,F.e.n.d.i scarf,,实物商品,258.00,https://weidian.com/item.html?itemID=7782456933
7782520023,p.u hoodie,,实物商品,169.00,https://weidian.com/item.html?itemID=7782520023
7782454831,J.1 basketball shoes,,实物商品,258.00,https://weidian.com/item.html?itemID=7782454831
7785403452,bl *3.x.l 鞋子,,实物商品,420.00,https://weidian.com/item.html?itemID=7785403452
7785413142,bl*  short sleeves,,实物商品,158.00,https://weidian.com/item.html?itemID=7785413142
7782498255,e.s hoodie,,实物商品,168.00,https://weidian.com/item.html?itemID=7782498255
7782466777,h.o 鞋子,,实物商品,280.00,https://weidian.com/item.html?itemID=7782466777
7782516039,m Glasses,,实物商品,98.00,https://weidian.com/item.html?itemID=7782516039
7782523937,m.m handbag,,实物商品,268.00,https://weidian.com/item.html?itemID=7782523937
7782539633,C*A watch,,实物商品,252.00,https://weidian.com/item.html?itemID=7782539633
7782543625,A.u.d.e.m.a.r.s P.i.g.u.e.t watches,,实物商品,388.00,https://weidian.com/item.html?itemID=7782543625
7782476615,L.V s.k.a.t.e.b.o.a.r.d shoes,,实物商品,228.00,https://weidian.com/item.html?itemID=7782476615
7782423153,Ye * z.y Hiking boots,,实物商品,358.10,https://weidian.com/item.html?itemID=7782423153
7785444848,A.J.1 Low-top Shoes,,实物商品,248.00,https://weidian.com/item.html?itemID=7785444848
7785494190,b.m  jacket,,实物商品,380.00,https://weidian.com/item.html?itemID=7785494190
7785480404,N.o.r.t.h Face wool slippers,,实物商品,152.00,https://weidian.com/item.html?itemID=7785480404
7782409493,R.a.l.p.h Lauren knitwear,,实物商品,188.00,https://weidian.com/item.html?itemID=7782409493
7785444852,M.a.r.g.i.e.l.a Hoodie,,实物商品,185.00,https://weidian.com/item.html?itemID=7785444852
7785490262,ll windproof jacket,,实物商品,168.00,https://weidian.com/item.html?itemID=7785490262
7785496162,m.i.u.m.i.u jacket,HH,实物商品,380.00,https://weidian.com/item.html?itemID=7785496162
7782531813,S.a.i.n.t Laurent shoulder bag,,实物商品,280.00,https://weidian.com/item.html?itemID=7782531813
7785478308,e.s.s.e.n.t.i.a.l.s hoodie,BP-711,实物商品,160.00,https://weidian.com/item.html?itemID=7785478308
7785482386,U.S federal baseball cap,XIJ-1230,实物商品,99.00,https://weidian.com/item.html?itemID=7785482386
7785482384,S.t.u.s.s.y hoodie,PDD1005570766,实物商品,248.00,https://weidian.com/item.html?itemID=7785482384
7785496170,t.o.r.o.m hoodie,BW1633,实物商品,108.00,https://weidian.com/item.html?itemID=7785496170
7782492381,f.l.e hoodie,,实物商品,108.00,https://weidian.com/item.html?itemID=7782492381
7785433014,c.a.r.g.o Platinum bag,BKB,实物商品,368.00,https://weidian.com/item.html?itemID=7785433014
